,Unnamed: 0,MMSI,BaseDateTime,LAT,LON,SOG,COG
0,13,368004680,2019-09-08 00:01:26,31.16682,-81.41572,0.0,348.3
1,35,368004680,2019-09-08 00:04:28,31.16683,-81.41571,0.0,348.3
2,55,368004680,2019-09-08 00:07:25,31.16682,-81.41571,0.0,348.3
3,79,368004680,2019-09-08 00:10:26,31.16681,-81.41572,0.0,348.3
4,101,368004680,2019-09-08 00:13:26,31.16682,-81.41572,0.0,348.3
5,124,368004680,2019-09-08 00:16:27,31.16681,-81.41572,0.0,348.3
6,150,368004680,2019-09-08 00:19:26,31.16681,-81.41572,0.0,348.3
7,173,368004680,2019-09-08 00:22:26,31.16683,-81.41571,0.0,348.3
8,191,368004680,2019-09-08 00:25:26,31.16683,-81.41574,0.0,348.3
9,225,368004680,2019-09-08 00:28:27,31.16683,-81.41572,0.0,348.3
10,241,368004680,2019-09-08 00:31:25,31.16682,-81.41572,0.0,348.3
11,256,368004680,2019-09-08 00:34:25,31.16681,-81.41572,0.0,348.3
12,283,368004680,2019-09-08 00:37:25,31.16682,-81.41573,0.0,348.3
13,300,368004680,2019-09-08 00:40:26,31.16682,-81.41571,0.0,348.3
14,321,368004680,2019-09-08 00:43:28,31.1668,-81.41571,0.0,348.3
15,354,368004680,2019-09-08 00:46:25,31.16679,-81.41572,0.0,348.3
16,366,368004680,2019-09-08 00:49:27,31.16678,-81.41572,0.0,348.3
17,381,368004680,2019-09-08 00:52:26,31.16684,-81.41572,0.0,348.3
18,397,368004680,2019-09-08 00:55:26,31.16677,-81.41572,0.0,348.3
19,438,368004680,2019-09-08 01:01:26,31.16683,-81.41572,0.0,348.3
20,461,368004680,2019-09-08 01:04:25,31.16682,-81.41573,0.0,348.3
21,483,368004680,2019-09-08 01:07:25,31.16683,-81.41572,0.0,348.3
22,505,368004680,2019-09-08 01:10:25,31.16683,-81.41571,0.0,348.3
23,536,368004680,2019-09-08 01:13:26,31.16682,-81.41571,0.0,348.3
24,574,368004680,2019-09-08 01:19:25,31.16681,-81.41572,0.0,348.3
25,595,368004680,2019-09-08 01:22:26,31.16682,-81.41571,0.0,348.3
26,607,368004680,2019-09-08 01:25:26,31.16681,-81.41572,0.0,348.3
27,635,368004680,2019-09-08 01:28:28,31.16681,-81.41572,0.0,348.3
28,658,368004680,2019-09-08 01:31:25,31.16682,-81.41571,0.0,348.3
29,683,368004680,2019-09-08 01:34:25,31.16682,-81.41572,0.0,348.3
30,686,368004680,2019-09-08 01:37:26,31.16682,-81.41571,0.0,348.3
31,717,368004680,2019-09-08 01:40:25,31.16682,-81.41571,0.0,348.3
32,737,368004680,2019-09-08 01:43:25,31.16684,-81.41572,0.0,348.3
33,760,368004680,2019-09-08 01:46:29,31.16682,-81.41571,0.0,348.3
34,775,368004680,2019-09-08 01:49:25,31.16684,-81.41571,0.0,348.3
35,797,368004680,2019-09-08 01:52:25,31.16684,-81.41571,0.0,348.3
36,820,368004680,2019-09-08 01:58:25,31.16683,-81.41571,0.0,348.3
37,852,368004680,2019-09-08 02:01:26,31.16684,-81.41571,0.0,348.3
38,871,368004680,2019-09-08 02:04:26,31.16684,-81.41573,0.0,348.3
39,903,368004680,2019-09-08 02:07:27,31.16684,-81.41572,0.0,348.3
40,921,368004680,2019-09-08 02:10:27,31.16683,-81.41571,0.0,348.3
41,945,368004680,2019-09-08 02:13:26,31.16683,-81.41571,0.0,348.3
42,970,368004680,2019-09-08 02:16:26,31.16683,-81.41572,0.0,348.3
43,996,368004680,2019-09-08 02:19:26,31.16683,-81.4157,0.0,348.3
44,1015,368004680,2019-09-08 02:22:26,31.16685,-81.41568,0.0,348.3
45,1034,368004680,2019-09-08 02:25:27,31.16684,-81.41568,0.0,348.3
46,1055,368004680,2019-09-08 02:28:25,31.16682,-81.41571,0.0,348.3
47,1066,368004680,2019-09-08 02:31:26,31.16682,-81.41572,0.0,348.3
48,1116,368004680,2019-09-08 02:37:28,31.16683,-81.4157,0.0,348.3
50,1162,368004680,2019-09-08 02:40:25,31.16682,-81.41573,0.0,348.3
49,1136,368004680,2019-09-08 02:43:27,31.16681,-81.41571,0.0,348.3
51,1168,368004680,2019-09-08 02:46:26,31.16681,-81.4157,0.0,348.3
52,1198,368004680,2019-09-08 02:49:27,31.16683,-81.41572,0.0,348.3
53,1219,368004680,2019-09-08 02:52:25,31.16683,-81.4157,0.0,348.3
54,1232,368004680,2019-09-08 02:55:26,31.16682,-81.4157,0.0,348.3
55,1258,368004680,2019-09-08 02:58:26,31.16683,-81.4157,0.0,348.3
56,1275,368004680,2019-09-08 03:01:25,31.16683,-81.41573,0.0,348.3
57,1307,368004680,2019-09-08 03:04:26,31.16683,-81.41573,0.0,348.3
58,1319,368004680,2019-09-08 03:07:26,31.16682,-81.41573,0.0,348.3
59,1364,368004680,2019-09-08 03:10:25,31.16681,-81.41572,0.0,348.3
60,1368,368004680,2019-09-08 03:13:26,31.16683,-81.41573,0.0,348.3
61,1384,368004680,2019-09-08 03:16:27,31.16682,-81.41571,0.0,348.3
62,1399,368004680,2019-09-08 03:19:26,31.16681,-81.41571,0.0,348.3
63,1435,368004680,2019-09-08 03:22:26,31.16681,-81.41571,0.0,348.3
64,1446,368004680,2019-09-08 03:25:25,31.16682,-81.41571,0.0,348.3
65,1464,368004680,2019-09-08 03:28:25,31.16682,-81.41573,0.0,348.3
66,1479,368004680,2019-09-08 03:31:25,31.1668,-81.41572,0.0,348.3
67,1501,368004680,2019-09-08 03:34:26,31.16681,-81.41573,0.0,348.3
68,1532,368004680,2019-09-08 03:37:27,31.16682,-81.41572,0.0,348.3
69,1547,368004680,2019-09-08 03:40:26,31.1668,-81.4157,0.0,348.3
70,1569,368004680,2019-09-08 03:43:26,31.16683,-81.41573,0.0,348.3
71,1585,368004680,2019-09-08 03:46:25,31.1668,-81.41571,0.0,348.3
72,1615,368004680,2019-09-08 03:49:25,31.16683,-81.41572,0.0,348.3
73,1638,368004680,2019-09-08 03:52:25,31.16682,-81.41573,0.0,348.3
74,1670,368004680,2019-09-08 03:58:27,31.16682,-81.41572,0.0,348.3
75,1691,368004680,2019-09-08 04:01:25,31.16682,-81.4157,0.0,348.3
76,1712,368004680,2019-09-08 04:04:25,31.16682,-81.41571,0.0,348.3
77,1736,368004680,2019-09-08 04:07:25,31.16681,-81.41571,0.0,348.3
78,1758,368004680,2019-09-08 04:10:26,31.16681,-81.41571,0.0,348.3
79,1783,368004680,2019-09-08 04:13:25,31.16683,-81.41571,0.0,348.3
80,1811,368004680,2019-09-08 04:16:26,31.16682,-81.4157,0.0,348.3
81,1832,368004680,2019-09-08 04:19:26,31.16682,-81.41573,0.0,348.3
82,1850,368004680,2019-09-08 04:22:26,31.16682,-81.41572,0.0,348.3
83,1874,368004680,2019-09-08 04:25:25,31.16682,-81.41571,0.0,348.3
84,1890,368004680,2019-09-08 04:28:25,31.16683,-81.41572,0.0,348.3
85,1919,368004680,2019-09-08 04:31:26,31.16682,-81.4157,0.0,348.3
86,1936,368004680,2019-09-08 04:34:28,31.16681,-81.41569,0.0,348.3
87,1957,368004680,2019-09-08 04:37:25,31.16681,-81.41571,0.0,348.3
88,1961,368004680,2019-09-08 04:40:25,31.16681,-81.41571,0.0,348.3
89,1973,368004680,2019-09-08 04:43:25,31.16681,-81.41571,0.0,348.3
90,2002,368004680,2019-09-08 04:46:27,31.16683,-81.41571,0.0,348.3
91,2026,368004680,2019-09-08 04:49:26,31.16682,-81.41571,0.0,348.3
92,2042,368004680,2019-09-08 04:55:27,31.16682,-81.4157,0.0,348.3
93,2074,368004680,2019-09-08 04:58:25,31.16683,-81.41572,0.0,348.3
94,2095,368004680,2019-09-08 05:01:25,31.1668,-81.41571,0.0,348.3
95,2114,368004680,2019-09-08 05:04:25,31.16683,-81.41571,0.0,348.3
96,2141,368004680,2019-09-08 05:07:26,31.16682,-81.4157,0.0,348.3
97,2154,368004680,2019-09-08 05:10:25,31.16683,-81.41572,0.0,348.3
98,2170,368004680,2019-09-08 05:13:25,31.16683,-81.41571,0.0,348.3
99,2217,368004680,2019-09-08 05:19:25,31.16682,-81.4157,0.0,348.3
100,2237,368004680,2019-09-08 05:22:27,31.16684,-81.41571,0.0,348.3
102,2284,368004680,2019-09-08 05:25:25,31.16681,-81.41572,0.0,348.3
101,2280,368004680,2019-09-08 05:28:26,31.16682,-81.41571,0.0,348.3
103,2300,368004680,2019-09-08 05:31:26,31.16682,-81.4157,0.0,348.3
104,2346,368004680,2019-09-08 05:34:26,31.16685,-81.41572,0.0,348.3
105,2368,368004680,2019-09-08 05:37:26,31.16683,-81.41572,0.0,348.3
106,2382,368004680,2019-09-08 05:40:26,31.16681,-81.41569,0.0,348.3
107,2402,368004680,2019-09-08 05:43:27,31.16682,-81.41572,0.0,348.3
109,2454,368004680,2019-09-08 05:46:26,31.16681,-81.41571,0.0,348.3
108,2448,368004680,2019-09-08 05:49:26,31.16681,-81.41571,0.0,348.3
110,2475,368004680,2019-09-08 05:52:26,31.16682,-81.4157,0.0,348.3
111,2512,368004680,2019-09-08 05:55:26,31.16682,-81.41572,0.0,348.3
112,2518,368004680,2019-09-08 05:58:27,31.16682,-81.41569,0.0,348.3
113,2537,368004680,2019-09-08 06:01:25,31.16681,-81.41571,0.0,348.3
114,2576,368004680,2019-09-08 06:04:26,31.16682,-81.41571,0.0,348.3
115,2604,368004680,2019-09-08 06:07:25,31.16682,-81.41572,0.0,348.3
116,2673,368004680,2019-09-08 06:13:27,31.16683,-81.41572,0.0,348.3
117,2709,368004680,2019-09-08 06:16:25,31.1668,-81.41572,0.0,348.3
118,2733,368004680,2019-09-08 06:19:26,31.16684,-81.41574,0.0,348.3
119,2780,368004680,2019-09-08 06:22:25,31.16683,-81.41572,0.0,348.3
120,2833,368004680,2019-09-08 06:25:25,31.16682,-81.41572,0.0,348.3
122,2854,368004680,2019-09-08 06:28:26,31.16681,-81.41572,0.0,348.3
121,2843,368004680,2019-09-08 06:31:26,31.16682,-81.41574,0.0,348.3
123,2885,368004680,2019-09-08 06:34:26,31.16682,-81.41572,0.0,348.3
124,2920,368004680,2019-09-08 06:37:25,31.16683,-81.41573,0.0,348.3
125,2944,368004680,2019-09-08 06:40:27,31.16681,-81.41572,0.0,348.3
126,2964,368004680,2019-09-08 06:43:27,31.16683,-81.41575,0.0,348.3
127,3023,368004680,2019-09-08 06:49:26,31.16682,-81.41571,0.0,348.3
128,3046,368004680,2019-09-08 06:52:25,31.16683,-81.4157,0.0,348.3
129,3058,368004680,2019-09-08 06:55:25,31.16682,-81.4157,0.0,348.3
130,3090,368004680,2019-09-08 06:58:26,31.16684,-81.41572,0.0,348.3
131,3114,368004680,2019-09-08 07:01:25,31.16682,-81.41569,0.0,348.3
132,3142,368004680,2019-09-08 07:04:27,31.16683,-81.41571,0.0,348.3
133,3176,368004680,2019-09-08 07:07:26,31.16682,-81.41572,0.0,348.3
134,3199,368004680,2019-09-08 07:10:25,31.16683,-81.41572,0.0,348.3
135,3231,368004680,2019-09-08 07:13:26,31.16683,-81.41571,0.0,348.3
136,3271,368004680,2019-09-08 07:16:25,31.16682,-81.41571,0.0,348.3
137,3324,368004680,2019-09-08 07:22:25,31.16682,-81.41567,0.0,348.3
138,3350,368004680,2019-09-08 07:25:25,31.16683,-81.41569,0.0,348.3
139,3386,368004680,2019-09-08 07:28:26,31.16682,-81.4157,0.0,348.3
140,3420,368004680,2019-09-08 07:31:28,31.16681,-81.41571,0.0,348.3
141,3441,368004680,2019-09-08 07:34:26,31.16681,-81.41571,0.0,348.3
142,3472,368004680,2019-09-08 07:37:25,31.16682,-81.41571,0.0,348.3
143,3501,368004680,2019-09-08 07:40:25,31.16682,-81.41571,0.0,348.3
144,3526,368004680,2019-09-08 07:43:26,31.16685,-81.41573,0.0,348.3
145,3540,368004680,2019-09-08 07:46:26,31.16684,-81.41572,0.0,348.3
146,3589,368004680,2019-09-08 07:49:25,31.16683,-81.41571,0.0,348.3
148,3663,368004680,2019-09-08 07:52:25,31.16682,-81.41572,0.0,348.3
147,3647,368004680,2019-09-08 07:58:26,31.16682,-81.41571,0.0,348.3
149,3716,368004680,2019-09-08 08:04:27,31.16682,-81.41571,0.0,348.3
150,3740,368004680,2019-09-08 08:07:25,31.16679,-81.41568,0.0,348.3
151,3780,368004680,2019-09-08 08:10:26,31.16679,-81.4157,0.0,348.3
152,3811,368004680,2019-09-08 08:13:25,31.16681,-81.4157,0.0,348.3
153,3849,368004680,2019-09-08 08:16:25,31.1668,-81.41571,0.0,348.3
154,3871,368004680,2019-09-08 08:19:26,31.1668,-81.41571,0.0,348.3
155,3907,368004680,2019-09-08 08:22:25,31.16681,-81.41571,0.0,348.3
156,3933,368004680,2019-09-08 08:25:25,31.16682,-81.41571,0.0,348.3
157,3957,368004680,2019-09-08 08:28:26,31.16682,-81.41571,0.0,348.3
158,3994,368004680,2019-09-08 08:31:26,31.16682,-81.41571,0.0,348.3
159,4013,368004680,2019-09-08 08:34:27,31.16682,-81.4157,0.0,348.3
160,4045,368004680,2019-09-08 08:37:25,31.16681,-81.4157,0.0,348.3
161,4078,368004680,2019-09-08 08:40:25,31.16682,-81.41571,0.0,348.3
162,4103,368004680,2019-09-08 08:43:25,31.16682,-81.4157,0.0,348.3
163,4135,368004680,2019-09-08 08:46:25,31.16682,-81.4157,0.0,348.3
164,4139,368004680,2019-09-08 08:49:26,31.16681,-81.41572,0.0,348.3
165,4175,368004680,2019-09-08 08:52:25,31.16683,-81.41571,0.0,348.3
166,4207,368004680,2019-09-08 08:55:26,31.16683,-81.41571,0.0,348.3
167,4229,368004680,2019-09-08 08:58:26,31.16682,-81.41573,0.0,348.3
168,4252,368004680,2019-09-08 09:01:25,31.16683,-81.41572,0.0,348.3
169,4293,368004680,2019-09-08 09:04:26,31.16682,-81.41572,0.0,348.3
170,4323,368004680,2019-09-08 09:07:26,31.16684,-81.41571,0.0,348.3
171,4346,368004680,2019-09-08 09:10:26,31.1668,-81.41571,0.0,348.3
172,4375,368004680,2019-09-08 09:13:26,31.16683,-81.41571,0.0,348.3
173,4402,368004680,2019-09-08 09:16:25,31.16682,-81.41573,0.0,348.3
175,4472,368004680,2019-09-08 09:19:25,31.16681,-81.4157,0.0,348.3
174,4460,368004680,2019-09-08 09:22:27,31.1668,-81.41572,0.0,348.3
176,4493,368004680,2019-09-08 09:25:26,31.16681,-81.4157,0.0,348.3
177,4506,368004680,2019-09-08 09:28:26,31.16681,-81.41572,0.0,348.3
178,4534,368004680,2019-09-08 09:31:25,31.1668,-81.4157,0.0,348.3
179,4571,368004680,2019-09-08 09:34:27,31.1668,-81.41571,0.0,348.3
180,4605,368004680,2019-09-08 09:37:26,31.16681,-81.41572,0.0,348.3
181,4631,368004680,2019-09-08 09:40:25,31.16682,-81.41572,0.0,348.3
182,4657,368004680,2019-09-08 09:43:26,31.16682,-81.41571,0.0,348.3
183,4683,368004680,2019-09-08 09:46:25,31.16683,-81.41572,0.0,348.3
184,4709,368004680,2019-09-08 09:49:25,31.16681,-81.41569,0.0,348.3
185,4744,368004680,2019-09-08 09:55:25,31.16682,-81.41572,0.0,348.3
186,4766,368004680,2019-09-08 09:58:26,31.16681,-81.41571,0.0,348.3
187,4799,368004680,2019-09-08 10:01:25,31.16684,-81.41573,0.0,348.3
188,4826,368004680,2019-09-08 10:04:26,31.16681,-81.4157,0.0,348.3
189,4850,368004680,2019-09-08 10:07:25,31.1668,-81.41571,0.0,348.3
190,4886,368004680,2019-09-08 10:10:26,31.16681,-81.41571,0.0,348.3
191,4910,368004680,2019-09-08 10:13:27,31.16681,-81.41571,0.0,348.3
192,4946,368004680,2019-09-08 10:16:26,31.16681,-81.4157,0.0,348.3
193,4963,368004680,2019-09-08 10:19:26,31.16682,-81.41572,0.0,348.3
194,4992,368004680,2019-09-08 10:22:29,31.16682,-81.4157,0.0,348.3
195,5030,368004680,2019-09-08 10:25:25,31.16682,-81.4157,0.0,348.3
196,5059,368004680,2019-09-08 10:28:25,31.16682,-81.4157,0.0,348.3
197,5067,368004680,2019-09-08 10:31:26,31.16678,-81.41569,0.0,348.3
199,5109,368004680,2019-09-08 10:34:26,31.16682,-81.41573,0.0,348.3
198,5103,368004680,2019-09-08 10:37:25,31.16679,-81.41572,0.0,348.3
200,5133,368004680,2019-09-08 10:40:25,31.1668,-81.41569,0.0,348.3
202,5200,368004680,2019-09-08 10:43:25,31.16681,-81.4157,0.0,348.3
201,5159,368004680,2019-09-08 10:46:28,31.16682,-81.41571,0.0,348.3
203,5207,368004680,2019-09-08 10:52:26,31.16681,-81.4157,0.0,348.3
204,5249,368004680,2019-09-08 10:58:26,31.16683,-81.41573,0.0,348.3
205,5295,368004680,2019-09-08 11:01:27,31.16681,-81.4157,0.0,348.3
206,5321,368004680,2019-09-08 11:04:26,31.16682,-81.41572,0.0,348.3
207,5352,368004680,2019-09-08 11:07:26,31.16683,-81.41573,0.0,348.3
208,5379,368004680,2019-09-08 11:10:27,31.16684,-81.41571,0.0,348.3
209,5403,368004680,2019-09-08 11:13:25,31.16682,-81.4157,0.0,348.3
210,5420,368004680,2019-09-08 11:16:25,31.16683,-81.41571,0.0,348.3
211,5447,368004680,2019-09-08 11:19:29,31.16684,-81.41571,0.0,348.3
212,5474,368004680,2019-09-08 11:22:27,31.16684,-81.41573,0.0,348.3
213,5507,368004680,2019-09-08 11:25:25,31.16683,-81.41573,0.0,348.3
214,5533,368004680,2019-09-08 11:28:28,31.16682,-81.41573,0.0,348.3
215,5561,368004680,2019-09-08 11:31:25,31.16682,-81.41572,0.0,348.3
216,5580,368004680,2019-09-08 11:34:27,31.16682,-81.41571,0.0,348.3
217,5588,368004680,2019-09-08 11:37:25,31.16682,-81.41571,0.0,348.3
218,5604,368004680,2019-09-08 11:40:25,31.16682,-81.41571,0.0,348.3
219,5650,368004680,2019-09-08 11:43:27,31.16682,-81.41571,0.0,348.3
220,5673,368004680,2019-09-08 11:46:25,31.16683,-81.4157,0.0,348.3
221,5698,368004680,2019-09-08 11:49:28,31.16684,-81.41571,0.0,348.3
222,5724,368004680,2019-09-08 11:55:25,31.16683,-81.41572,0.0,348.3
223,5755,368004680,2019-09-08 11:58:26,31.16683,-81.41571,0.0,348.3
224,5772,368004680,2019-09-08 12:01:25,31.1668,-81.41572,0.0,348.3
225,5811,368004680,2019-09-08 12:04:26,31.16684,-81.41571,0.0,348.3
226,5837,368004680,2019-09-08 12:07:28,31.16685,-81.41572,0.0,348.3
227,5862,368004680,2019-09-08 12:10:26,31.16684,-81.41572,0.0,348.3
228,5906,368004680,2019-09-08 12:13:26,31.16683,-81.41571,0.0,348.3
229,5913,368004680,2019-09-08 12:16:26,31.16683,-81.41571,0.0,348.3
230,5941,368004680,2019-09-08 12:19:26,31.16682,-81.4157,0.0,348.3
231,5973,368004680,2019-09-08 12:22:26,31.16681,-81.41571,0.0,348.3
232,5987,368004680,2019-09-08 12:25:25,31.16683,-81.41574,0.0,348.3
233,6020,368004680,2019-09-08 12:28:26,31.16682,-81.41569,0.0,348.3
234,6046,368004680,2019-09-08 12:31:26,31.16681,-81.41572,0.0,348.3
235,6058,368004680,2019-09-08 12:34:26,31.16682,-81.41572,0.0,348.3
236,6096,368004680,2019-09-08 12:37:25,31.16683,-81.41573,0.0,348.3
237,6109,368004680,2019-09-08 12:40:25,31.16682,-81.41571,0.0,348.3
238,6139,368004680,2019-09-08 12:43:27,31.16682,-81.41573,0.0,348.3
239,6145,368004680,2019-09-08 12:46:26,31.16684,-81.41573,0.0,348.3
240,6196,368004680,2019-09-08 12:52:25,31.16682,-81.41571,0.0,348.3
241,6219,368004680,2019-09-08 12:55:27,31.16683,-81.41572,0.0,348.3
242,6234,368004680,2019-09-08 12:58:26,31.16682,-81.41572,0.0,348.3
243,6258,368004680,2019-09-08 13:01:27,31.16681,-81.4157,0.0,348.3
244,6283,368004680,2019-09-08 13:04:28,31.16682,-81.41571,0.0,348.3
245,6309,368004680,2019-09-08 13:07:26,31.1668,-81.4157,0.0,348.3
246,6345,368004680,2019-09-08 13:10:26,31.16679,-81.41569,0.0,348.3
247,6358,368004680,2019-09-08 13:13:25,31.16682,-81.41571,0.0,348.3
248,6381,368004680,2019-09-08 13:16:26,31.16683,-81.41571,0.0,348.3
249,6402,368004680,2019-09-08 13:19:26,31.16682,-81.41572,0.0,348.3
250,6429,368004680,2019-09-08 13:22:26,31.1668,-81.41573,0.0,348.3
251,6444,368004680,2019-09-08 13:25:27,31.16681,-81.4157,0.0,348.3
252,6462,368004680,2019-09-08 13:28:27,31.16681,-81.41569,0.0,348.3
253,6483,368004680,2019-09-08 13:31:28,31.16681,-81.41569,0.0,348.3
254,6504,368004680,2019-09-08 13:34:25,31.16681,-81.41571,0.0,348.3
255,6526,368004680,2019-09-08 13:37:27,31.16681,-81.41569,0.0,348.3
256,6537,368004680,2019-09-08 13:40:25,31.16682,-81.4157,0.0,348.3
257,6586,368004680,2019-09-08 13:46:25,31.16682,-81.41573,0.0,348.3
258,6601,368004680,2019-09-08 13:49:25,31.16683,-81.4157,0.0,348.3
259,6618,368004680,2019-09-08 13:52:26,31.16683,-81.41572,0.0,348.3
260,6644,368004680,2019-09-08 13:55:25,31.16682,-81.41573,0.0,348.3
261,6659,368004680,2019-09-08 13:58:25,31.16683,-81.41572,0.0,348.3
262,6717,368004680,2019-09-08 14:04:28,31.16684,-81.41573,0.0,348.3
264,6779,368004680,2019-09-08 14:07:27,31.1668,-81.41571,0.0,348.3
263,6761,368004680,2019-09-08 14:10:26,31.16681,-81.41571,0.0,348.3
265,6800,368004680,2019-09-08 14:13:26,31.16681,-81.41572,0.0,348.3
266,6926,368004680,2019-09-08 14:25:25,31.16682,-81.41572,0.0,348.3
267,6943,368004680,2019-09-08 14:31:25,31.16681,-81.41572,0.0,348.3
268,6960,368004680,2019-09-08 14:34:26,31.16682,-81.41572,0.0,348.3
269,6985,368004680,2019-09-08 14:37:25,31.16683,-81.41569,0.0,348.3
270,7005,368004680,2019-09-08 14:40:26,31.16683,-81.41569,0.0,348.3
271,7026,368004680,2019-09-08 14:43:25,31.16683,-81.41568,0.0,348.3
273,7073,368004680,2019-09-08 14:46:25,31.1668,-81.41569,0.0,348.3
274,7079,368004680,2019-09-08 14:49:25,31.16681,-81.41572,0.0,348.3
272,7068,368004680,2019-09-08 14:52:26,31.1668,-81.41572,0.0,348.3
275,7109,368004680,2019-09-08 14:55:25,31.16681,-81.41573,0.0,348.3
276,7122,368004680,2019-09-08 14:58:26,31.16681,-81.41572,0.0,348.3
277,7138,368004680,2019-09-08 15:01:26,31.16682,-81.41573,0.0,348.3
278,7157,368004680,2019-09-08 15:04:25,31.16682,-81.41573,0.0,348.3
279,7224,368004680,2019-09-08 15:13:25,31.16683,-81.41574,0.0,348.3
280,7264,368004680,2019-09-08 15:19:26,31.16682,-81.41574,0.0,348.3
281,7303,368004680,2019-09-08 15:25:26,31.16682,-81.41572,0.0,348.3
282,7312,368004680,2019-09-08 15:28:26,31.16681,-81.41572,0.0,348.3
283,7326,368004680,2019-09-08 15:31:26,31.16681,-81.41576,0.0,348.3
284,7347,368004680,2019-09-08 15:34:26,31.16682,-81.41574,0.0,348.3
285,7363,368004680,2019-09-08 15:37:25,31.16681,-81.41574,0.0,348.3
286,7380,368004680,2019-09-08 15:40:26,31.16683,-81.41572,0.0,348.3
287,7402,368004680,2019-09-08 15:43:25,31.16683,-81.41572,0.0,348.3
288,7421,368004680,2019-09-08 15:46:26,31.16683,-81.41571,0.0,348.3
289,7441,368004680,2019-09-08 15:49:26,31.16682,-81.41571,0.0,348.3
290,7457,368004680,2019-09-08 15:52:25,31.16681,-81.41572,0.0,348.3
291,7478,368004680,2019-09-08 15:55:25,31.16681,-81.4157,0.0,348.3
292,7481,368004680,2019-09-08 15:58:27,31.16681,-81.4157,0.0,348.3
293,7507,368004680,2019-09-08 16:01:25,31.1668,-81.4157,0.0,348.3
294,7532,368004680,2019-09-08 16:04:28,31.16681,-81.41571,0.0,348.3
295,7558,368004680,2019-09-08 16:07:26,31.16682,-81.4157,0.0,348.3
296,7571,368004680,2019-09-08 16:10:25,31.16684,-81.4157,0.0,348.3
297,7615,368004680,2019-09-08 16:13:25,31.16683,-81.41572,0.0,348.3
298,7616,368004680,2019-09-08 16:16:26,31.16682,-81.41572,0.0,348.3
299,7636,368004680,2019-09-08 16:19:25,31.16682,-81.41571,0.0,348.3
300,7664,368004680,2019-09-08 16:22:25,31.16681,-81.41571,0.0,348.3
301,7682,368004680,2019-09-08 16:25:25,31.16682,-81.41573,0.0,348.3
302,7712,368004680,2019-09-08 16:28:25,31.16682,-81.41572,0.0,348.3
303,7717,368004680,2019-09-08 16:31:25,31.16682,-81.41571,0.0,348.3
305,7764,368004680,2019-09-08 16:34:25,31.16681,-81.41572,0.0,348.3
304,7761,368004680,2019-09-08 16:37:25,31.16682,-81.41572,0.0,348.3
306,7786,368004680,2019-09-08 16:40:27,31.16681,-81.41572,0.0,348.3
307,7802,368004680,2019-09-08 16:43:26,31.16682,-81.41572,0.0,348.3
308,7807,368004680,2019-09-08 16:46:25,31.16682,-81.41571,0.0,348.3
309,7849,368004680,2019-09-08 16:49:25,31.16682,-81.41573,0.0,348.3
311,7877,368004680,2019-09-08 16:52:25,31.16681,-81.41572,0.0,348.3
310,7871,368004680,2019-09-08 16:55:25,31.16682,-81.41572,0.0,348.3
312,7909,368004680,2019-09-08 16:58:25,31.16681,-81.41574,0.0,348.3
313,7935,368004680,2019-09-08 17:01:25,31.16682,-81.41572,0.0,348.3
314,7956,368004680,2019-09-08 17:04:27,31.16682,-81.4157,0.0,348.3
315,7988,368004680,2019-09-08 17:07:26,31.16683,-81.41571,0.0,348.3
316,8032,368004680,2019-09-08 17:13:25,31.16682,-81.41569,0.0,348.3
317,8059,368004680,2019-09-08 17:16:25,31.16682,-81.41572,0.0,348.3
318,8080,368004680,2019-09-08 17:19:26,31.16681,-81.41572,0.0,348.3
319,8099,368004680,2019-09-08 17:22:29,31.16682,-81.41571,0.0,348.3
320,8129,368004680,2019-09-08 17:25:26,31.16681,-81.41572,0.0,348.3
321,8152,368004680,2019-09-08 17:28:25,31.1668,-81.41573,0.0,348.3
322,8168,368004680,2019-09-08 17:31:27,31.1668,-81.41572,0.0,348.3
323,8185,368004680,2019-09-08 17:34:28,31.16682,-81.41574,0.0,348.3
324,8213,368004680,2019-09-08 17:37:26,31.1668,-81.41572,0.0,348.3
325,8230,368004680,2019-09-08 17:40:25,31.16681,-81.4157,0.0,348.3
326,8248,368004680,2019-09-08 17:43:26,31.16681,-81.41572,0.0,348.3
327,8257,368004680,2019-09-08 17:46:25,31.1668,-81.41573,0.0,348.3
328,8286,368004680,2019-09-08 17:49:26,31.16682,-81.41573,0.0,348.3
329,8305,368004680,2019-09-08 17:52:26,31.16681,-81.41569,0.0,348.3
330,8327,368004680,2019-09-08 17:55:25,31.16681,-81.41572,0.0,348.3
331,8341,368004680,2019-09-08 17:58:26,31.16683,-81.4157,0.0,348.3
332,8372,368004680,2019-09-08 18:01:27,31.16682,-81.41573,0.0,348.3
333,8384,368004680,2019-09-08 18:04:27,31.16677,-81.41572,0.0,348.3
334,8409,368004680,2019-09-08 18:07:25,31.16678,-81.41571,0.0,348.3
335,8430,368004680,2019-09-08 18:10:25,31.16679,-81.41571,0.0,348.3
336,8448,368004680,2019-09-08 18:13:29,31.16678,-81.41572,0.0,348.3
337,8471,368004680,2019-09-08 18:16:25,31.1668,-81.41571,0.0,348.3
338,8485,368004680,2019-09-08 18:19:26,31.16683,-81.41572,0.0,348.3
339,8531,368004680,2019-09-08 18:25:25,31.16682,-81.41572,0.0,348.3
340,8567,368004680,2019-09-08 18:31:26,31.16683,-81.41572,0.0,348.3
341,8589,368004680,2019-09-08 18:34:25,31.16683,-81.41571,0.0,348.3
342,8607,368004680,2019-09-08 18:37:25,31.16682,-81.41573,0.0,348.3
343,8627,368004680,2019-09-08 18:40:25,31.16684,-81.41574,0.0,348.3
344,8644,368004680,2019-09-08 18:43:25,31.16681,-81.41572,0.0,348.3
345,8667,368004680,2019-09-08 18:46:26,31.1668,-81.41573,0.0,348.3
346,8684,368004680,2019-09-08 18:49:26,31.16679,-81.41573,0.0,348.3
347,8702,368004680,2019-09-08 18:52:26,31.16681,-81.41571,0.0,348.3
348,8704,368004680,2019-09-08 18:55:26,31.16682,-81.41573,0.0,348.3
349,8734,368004680,2019-09-08 18:58:26,31.16679,-81.41572,0.0,348.3
350,8778,368004680,2019-09-08 19:04:25,31.16683,-81.41572,0.0,348.3
351,8823,368004680,2019-09-08 19:10:25,31.16681,-81.41572,0.0,348.3
352,8843,368004680,2019-09-08 19:13:27,31.16683,-81.4157,0.0,348.3
353,8869,368004680,2019-09-08 19:16:26,31.16684,-81.4157,0.0,348.3
354,8890,368004680,2019-09-08 19:19:27,31.16683,-81.4157,0.0,348.3
355,8907,368004680,2019-09-08 19:22:26,31.16681,-81.41567,0.0,348.3
356,8927,368004680,2019-09-08 19:25:27,31.16682,-81.41571,0.0,348.3
357,8938,368004680,2019-09-08 19:28:25,31.1668,-81.4157,0.0,348.3
358,8960,368004680,2019-09-08 19:31:26,31.16678,-81.41568,0.0,348.3
359,8992,368004680,2019-09-08 19:34:25,31.16682,-81.4157,0.0,348.3
360,9006,368004680,2019-09-08 19:37:27,31.16684,-81.41571,0.0,348.3
361,9008,368004680,2019-09-08 19:40:26,31.16683,-81.41571,0.0,348.3
362,9036,368004680,2019-09-08 19:43:25,31.16683,-81.41568,0.0,348.3
363,9058,368004680,2019-09-08 19:46:25,31.16682,-81.4157,0.0,348.3
364,9067,368004680,2019-09-08 19:49:26,31.16681,-81.41571,0.0,348.3
365,9097,368004680,2019-09-08 19:52:25,31.16682,-81.41572,0.0,348.3
366,9113,368004680,2019-09-08 19:55:25,31.1668,-81.41572,0.0,348.3
367,9127,368004680,2019-09-08 19:58:25,31.1668,-81.41572,0.0,348.3
368,9152,368004680,2019-09-08 20:01:25,31.16681,-81.41571,0.0,348.3
369,9175,368004680,2019-09-08 20:04:25,31.16682,-81.41571,0.0,348.3
370,9203,368004680,2019-09-08 20:07:25,31.16681,-81.41571,0.0,348.3
371,9219,368004680,2019-09-08 20:10:25,31.1668,-81.41571,0.0,348.3
372,9237,368004680,2019-09-08 20:13:26,31.16682,-81.41572,0.0,348.3
373,9245,368004680,2019-09-08 20:16:26,31.16682,-81.41571,0.0,348.3
374,9281,368004680,2019-09-08 20:19:25,31.16683,-81.4157,0.0,348.3
375,9295,368004680,2019-09-08 20:22:25,31.1668,-81.4157,0.0,348.3
376,9308,368004680,2019-09-08 20:25:26,31.1668,-81.41572,0.0,348.3
377,9326,368004680,2019-09-08 20:28:25,31.16681,-81.41572,0.0,348.3
378,9340,368004680,2019-09-08 20:31:25,31.16682,-81.41572,0.0,348.3
379,9365,368004680,2019-09-08 20:34:25,31.16681,-81.41569,0.0,348.3
380,9399,368004680,2019-09-08 20:37:26,31.16683,-81.41571,0.0,348.3
382,9442,368004680,2019-09-08 20:40:26,31.16684,-81.41573,0.0,348.3
381,9439,368004680,2019-09-08 20:43:25,31.16683,-81.41572,0.0,348.3
383,9449,368004680,2019-09-08 20:46:25,31.16684,-81.41573,0.0,348.3
384,9472,368004680,2019-09-08 20:49:25,31.16683,-81.41573,0.0,348.3
385,9487,368004680,2019-09-08 20:55:26,31.16682,-81.41571,0.0,348.3
386,9522,368004680,2019-09-08 20:58:25,31.16682,-81.41569,0.0,348.3
387,9533,368004680,2019-09-08 21:01:26,31.16682,-81.4157,0.1,348.3
388,9555,368004680,2019-09-08 21:04:26,31.16682,-81.41569,0.0,348.3
389,9581,368004680,2019-09-08 21:07:26,31.16682,-81.41574,0.0,348.3
390,9601,368004680,2019-09-08 21:10:25,31.16683,-81.41571,0.0,348.3
391,9622,368004680,2019-09-08 21:13:27,31.16682,-81.4157,0.0,348.3
392,9636,368004680,2019-09-08 21:16:25,31.16679,-81.41571,0.0,348.3
393,9649,368004680,2019-09-08 21:19:26,31.16682,-81.4157,0.0,348.3
394,9676,368004680,2019-09-08 21:22:26,31.16683,-81.41572,0.0,348.3
395,9703,368004680,2019-09-08 21:25:28,31.16682,-81.41575,0.0,348.3
396,9720,368004680,2019-09-08 21:28:26,31.16682,-81.41572,0.0,348.3
397,9733,368004680,2019-09-08 21:31:27,31.1668,-81.41571,0.0,348.3
398,9761,368004680,2019-09-08 21:34:25,31.1668,-81.41571,0.0,348.3
400,9809,368004680,2019-09-08 21:37:26,31.16681,-81.41572,0.0,348.3
399,9791,368004680,2019-09-08 21:40:25,31.16683,-81.41572,0.0,348.3
401,9811,368004680,2019-09-08 21:43:26,31.16682,-81.41572,0.0,348.3
402,9835,368004680,2019-09-08 21:46:25,31.16682,-81.4157,0.0,348.3
403,9853,368004680,2019-09-08 21:49:26,31.16679,-81.41569,0.0,348.3
404,9867,368004680,2019-09-08 21:52:26,31.16684,-81.41571,0.0,348.3
405,9888,368004680,2019-09-08 21:55:29,31.16682,-81.41572,0.0,348.3
406,9902,368004680,2019-09-08 21:58:26,31.1668,-81.41572,0.0,348.3
407,9924,368004680,2019-09-08 22:01:27,31.16683,-81.41572,0.0,348.3
408,9941,368004680,2019-09-08 22:04:26,31.16683,-81.41574,0.0,348.3
409,9966,368004680,2019-09-08 22:07:27,31.16682,-81.41572,0.0,348.3
410,9979,368004680,2019-09-08 22:10:25,31.16682,-81.4157,0.0,348.3
411,10004,368004680,2019-09-08 22:13:26,31.16682,-81.41571,0.0,348.3
412,10025,368004680,2019-09-08 22:16:25,31.16682,-81.41569,0.0,348.3
413,10046,368004680,2019-09-08 22:19:26,31.16683,-81.4157,0.0,348.3
414,10073,368004680,2019-09-08 22:22:26,31.16682,-81.4157,0.0,348.3
415,10094,368004680,2019-09-08 22:25:25,31.16682,-81.4157,0.0,348.3
416,10115,368004680,2019-09-08 22:28:25,31.16684,-81.4157,0.0,348.3
417,10121,368004680,2019-09-08 22:31:25,31.16682,-81.41572,0.0,348.3
418,10149,368004680,2019-09-08 22:34:25,31.1668,-81.41569,0.0,348.3
419,10162,368004680,2019-09-08 22:37:25,31.1668,-81.41569,0.0,348.3
420,10190,368004680,2019-09-08 22:40:25,31.1668,-81.41569,0.0,348.3
421,10219,368004680,2019-09-08 22:43:26,31.16679,-81.41568,0.0,348.3
422,10224,368004680,2019-09-08 22:46:26,31.1668,-81.41569,0.0,348.3
423,10241,368004680,2019-09-08 22:49:28,31.16683,-81.41571,0.0,348.3
424,10264,368004680,2019-09-08 22:52:25,31.16682,-81.41574,0.0,348.3
425,10282,368004680,2019-09-08 22:55:25,31.16678,-81.41572,0.1,348.3
426,10297,368004680,2019-09-08 22:58:25,31.16681,-81.41572,0.0,348.3
427,10323,368004680,2019-09-08 23:01:26,31.16683,-81.41574,0.0,348.3
428,10342,368004680,2019-09-08 23:04:26,31.16681,-81.41572,0.0,348.3
429,10377,368004680,2019-09-08 23:10:26,31.16682,-81.41572,0.0,348.3
430,10398,368004680,2019-09-08 23:13:26,31.16685,-81.41572,0.0,348.3
431,10420,368004680,2019-09-08 23:16:25,31.16684,-81.41573,0.0,348.3
432,10426,368004680,2019-09-08 23:19:25,31.16683,-81.41572,0.0,348.3
433,10460,368004680,2019-09-08 23:22:26,31.16684,-81.41572,0.0,348.3
436,10513,368004680,2019-09-08 23:25:25,31.16683,-81.41573,0.0,348.3
434,10497,368004680,2019-09-08 23:28:25,31.16685,-81.41572,0.0,348.3
435,10501,368004680,2019-09-08 23:31:25,31.16684,-81.41572,0.0,348.3
437,10522,368004680,2019-09-08 23:34:25,31.16683,-81.41574,0.0,348.3
438,10547,368004680,2019-09-08 23:37:27,31.16682,-81.41573,0.0,348.3
439,10567,368004680,2019-09-08 23:40:26,31.16684,-81.41574,0.0,348.3
440,10583,368004680,2019-09-08 23:43:25,31.16681,-81.41572,0.0,348.3
442,10632,368004680,2019-09-08 23:46:27,31.16683,-81.41572,0.0,348.3
441,10622,368004680,2019-09-08 23:49:25,31.16682,-81.41574,0.0,348.3
443,10641,368004680,2019-09-08 23:52:26,31.16682,-81.41572,0.0,348.3
444,10657,368004680,2019-09-08 23:55:25,31.16683,-81.41573,0.0,348.3
445,10666,368004680,2019-09-08 23:58:25,31.16682,-81.41571,0.0,348.3
